{"version":2,"hash":{"type":"Buffer","data":"FPq3GYbgmzREYVUxLnuwPGOybra74WB5JzHomIzYkz2UibgBm7ukTQ0qvLkExMPovQ4/uQoL7dMuS7A8Hr5ahQQR4jJh9gjRIiB6N0kptVrhYVwTBNIRp3lgGPTI8D+eRsOf6WPs+hL1M6L5QhtKfC/UcIMDnTs7T4xrTHwMXHQ="},"indexValueMap":{"lAoseUBLOROWGQQ5ed/S9JBs7Cdo9N/Gl/5ePh2E8v8=":{"valueMac":{"type":"Buffer","data":"lul67aV0n61pST2vnWtiKLNU+ac+SR+5bvatJ8EKgW8="}},"2bAUdjYVmCeiwIm6NOEpijeCnzk+PygyQlBFbzvt++4=":{"valueMac":{"type":"Buffer","data":"wEs7p1qFTNs2BZklyZH5oTlkkbOXQwZ2+kUZ9Nqw5sU="}},"vki9vC4U+ZijauHIfdW+j6XVrR+jO1c4XqJaAkA5Mis=":{"valueMac":{"type":"Buffer","data":"jPDsmQNSrzmTjIPgECl/3cjXhz6YqLu00sPMGnn4YT4="}},"YtYYMnaQ5KiHldoHQBQVwBCfJzw553owzhjc+wTtdWQ=":{"valueMac":{"type":"Buffer","data":"KxJ5ggqM71t/KuL8LHAia+JnqWpIpcA3zULqvg6EN+g="}},"OLWEAPp7lH8kz/sLZv4s+EocTU46qPyXCB9zSx67qC4=":{"valueMac":{"type":"Buffer","data":"Zf2wtv/VgDdzA/ncuD0nTnAPB0vexqY/HO9LB75JZro="}},"1L7HLbN2jSwFXm/kxM8V7uYqRkcwWSeyWigM7Q9fDKE=":{"valueMac":{"type":"Buffer","data":"nGNl+7XYprrrXUQdDfKQ09gAnh24lUug2ElXmsMaoT4="}},"0NQQ89zjB4zF1XWyJC5uagYWgTFN3eQTnez3oMPzDUI=":{"valueMac":{"type":"Buffer","data":"XML2e4vp2vgqz12UC/Fr6SqgnipWSVSNdKNuAMfNAh4="}},"Z61Svl+Tk9da00Ng+jBsjeLXf/cO4JWlxLrzwITgroM=":{"valueMac":{"type":"Buffer","data":"IX1avYu3Ywzz202TvdTbWzceurhmZF/JQHx/T71F1uI="}},"6REjlJ06ZOkabJidvgwMwifM7iw7quj2D0trZBUsZSc=":{"valueMac":{"type":"Buffer","data":"vEiWHZssLddO7mpXc91gtFMW41dkhb5n57pEigGDmFU="}},"/sRVGYikyqdKmmC26DeD6rHf+eynbdCY8HlEX/Gw5Pg=":{"valueMac":{"type":"Buffer","data":"lJkUonOCMN9MVG7JOFFfmHbC+myHeoshSvS0WwDPTls="}},"ZtPE04yP14C6hSQ7cWiKSCaxEdJrLAW5QeCpwhT5IoM=":{"valueMac":{"type":"Buffer","data":"iaShg0PAG9b8cYJpjQiCppDOapJFLQ5AYIxmut/vF7Y="}},"TqHOS+3qEe+izqgc9pz+pkWcs0sbjNE6BgyHXBeVaFY=":{"valueMac":{"type":"Buffer","data":"niKa/ZM80Fe2ECh8C5oQJ0w41uD0U4zdOX0cseW/toc="}},"hOZq0cqAO+euORAtnwq/V6oH/e4OEbkOWny0DW/PXmI=":{"valueMac":{"type":"Buffer","data":"eUIPWPD1BH4HkL2riVURj6CUT/aSJLLbCNUOlonn9Wo="}},"iOycpP3Xz6HIwS/2IySb5RAe+jL8TH1cfGajt0rZaUs=":{"valueMac":{"type":"Buffer","data":"LOBJDI44UIiqvqvw5YogUDy5Y4C/s7sutfw89QgqHKA="}},"qtp2advD1LQD4z8j83eJ0BggIfd6EBbkuN7KY1bEnsM=":{"valueMac":{"type":"Buffer","data":"4d+EJDhLYGlMhctFvfKNKfUPmy9JJKIXMTFKXlZg88g="}},"rhi/SsFTfOdClZ4TOvlAxF4DWVu/Cuow3v4lO084pqc=":{"valueMac":{"type":"Buffer","data":"5YAcicpVMfWa3PooQKu0APqx0zzYu40S82/OGgeNE6I="}},"6UmAmVj7X5ZX7UjHdXoyeVJ8ZF0bkBNzXDRiGo4W0sg=":{"valueMac":{"type":"Buffer","data":"ForRQYbX5WhqQOnIhbeo3nQO49sYftdiEChe5Qwdoq0="}},"ACOqtiAyCxt/64mddPneIGjb9rWDmqPdwDDrt7tVyDk=":{"valueMac":{"type":"Buffer","data":"h2NVJdSlM434Q3WjI5WmVvU7pLfCMaRvmxs/O1UUN1U="}},"E8mdeQQJXWb4NkbQCixmWgvHk6uLWy+vK2m2dUv/JRI=":{"valueMac":{"type":"Buffer","data":"0voE1JNMBdiObJGrrRi5+eCWN2ZTHWiuPfcQsYSNDbY="}},"Ez183G1GR9L3NOQQtUPBGJ5v+fH4pAqu7BE7aaUGL48=":{"valueMac":{"type":"Buffer","data":"bxqeIX/XYQIwACdnZr7gFsGZJF0P015zyQg64AHN6TU="}},"0IQP7+65aNgRpnkrAhayNMyELn2+Qi8+xXLKXsiZTTU=":{"valueMac":{"type":"Buffer","data":"J3NLal7t6ieWup78lATJtbfA+R1gkV+OvV8ZTiHVO2k="}},"2R0xKocQSAt1YN3urqFfGrDehhYFsdBbOIo7JF09ePk=":{"valueMac":{"type":"Buffer","data":"Ow3f1+ZWgYuXUNQjogy/ydAXMPYVpr8Ux4v1Kq4HCVA="}},"3bcO7ID/jKop89vGVFzilykMxmAvD2LrDWnd2S3Sd2s=":{"valueMac":{"type":"Buffer","data":"3sst/GDW2xTHnyr3rEZ7JP2+H++hQa8fzVQUw+2ZMN4="}},"Zk1V9QWcuWtTNndQiv7KWasHnh6yHVc80lExR5bXkbE=":{"valueMac":{"type":"Buffer","data":"B96FR0k3OuaIvBsyR2XBJbgPzohEqPYqYAMVLwVOU9o="}},"yKAb81Kv3A76Fkz8ZSs163LIEF4fp8c0LfFUREBgZAE=":{"valueMac":{"type":"Buffer","data":"cXQvfe+Pmgw8e51qx/WEHe76tzV0fxVUtANd2pouYU8="}},"qBKtMEHLYd9FH5TBOBjSq6HQSk9NBH2XrPAgstRTASo=":{"valueMac":{"type":"Buffer","data":"ArcP3DWG+PyFqDMJmCFYZ46y4tTtKGDi243H2q7/SB8="}},"b6CjZqnHXRfaDtOO6MhyhYvFfKppjltNSxAV4auJ9Jk=":{"valueMac":{"type":"Buffer","data":"VjxAQNjjbP7suaZhJN2nL9f31uocBrucsBaWUryhVpk="}},"khQq1f3B5K1Bd9+ITVnaGEwSvrA7JHvHr1Jjil6Biyg=":{"valueMac":{"type":"Buffer","data":"L/+bWgKUoAffSUkGq+6siWAI1Ck8EFb5pIzp6kUeDYE="}},"NOSUyzQqXtyfYC2zwpa6nVycNVGaNdWMsfwVmWqz/+0=":{"valueMac":{"type":"Buffer","data":"FoAwAuxvPIDLGzSXtoR84ucvQIE0+3sodtuqcAytw3Q="}},"UoU+topB6RBVz3jd50oRM1MBbVNsH3kno30jcO7eHMQ=":{"valueMac":{"type":"Buffer","data":"PB0ldmv9XLULGnl39gXne3rPlsHAQf3xA8OXE9DkDTI="}},"xLOjysfQn+FpcAQLpMNFPkFtiKhYs0RyV18b0uFRbrg=":{"valueMac":{"type":"Buffer","data":"QqDRIf843qNHa7KFWEA8Ksg4OaGZ+ycBcvQ5KdR+gjg="}},"8G0eJGz7DWzAsmlLmk0ri6Rky2ayrT4qjb1Z+BakMRo=":{"valueMac":{"type":"Buffer","data":"oO25xKRu1UJUxlCyk0D8bO3JREA6EMbwGhiZU/72nNM="}},"d0cTpFToNBTFdgtAGeUXKdyoZACgSYPAtp/3wB+UNAI=":{"valueMac":{"type":"Buffer","data":"sOpS9PJrTFi82UCPTzpem5na03zLmi8W7JcEoAHONqM="}},"NYyZXfnpBLWUqRfxO6tHDs2dU+FvdWl7LHPg8SwDBNI=":{"valueMac":{"type":"Buffer","data":"5k+H1sc34BDV7PyiLPC4QcV1AURke75GyKIduu6Zz7o="}},"3cbx7IfY5WI+5zsxfrBVhcsIbo9aPeGYlP1asGBkUuU=":{"valueMac":{"type":"Buffer","data":"AsdHJlZ34itT2F+eoH7dvy+PC4KQ3iXORASkY4fp7P0="}},"GxBCkOwoycV3JRO2Mj7IAgbVpQ6FTjoC6bKcsjaJ5c8=":{"valueMac":{"type":"Buffer","data":"SaCP0vSn8+PYyMUTULvBwSUz53j5fbhVIFYfy894GtM="}},"fykbWvGqnrLqH8FfLXSiDNWiF9ZIPA0yzkQlILUadVQ=":{"valueMac":{"type":"Buffer","data":"0RXtEbrNnr409q0WB5tezmq7q8/xKKiQ2E4NiIiB1dM="}},"G6Z3r6uI7Bwsf8NaHucZ+o8H3q3iWyXPSwZEfsw3zdQ=":{"valueMac":{"type":"Buffer","data":"19Zk2U1cwkAZkPNcT7YNH+y6z6Ec/DNogGmGxfrandY="}},"COy57s2NoTxAjfyllXSy2MpcnFOAQAYKXTf/+kTM+To=":{"valueMac":{"type":"Buffer","data":"WxdTVFe8T5AwDgubLGH6XJKCyaQ2clrsDBU+lMVz124="}},"zvpZPUXVTXFofhHemoRo+9ZWwCTQT8s1/bw/BhIJseQ=":{"valueMac":{"type":"Buffer","data":"nCFTyBuPzBohJk7A+5a4YwTZkYIJEJNQYYCH3jB0lqs="}},"/O+s+j06xyLQ1XVO6XSw3Y2fvGmYSZaERutrZYEK1dk=":{"valueMac":{"type":"Buffer","data":"bx8KxaiYC74COmZfULu7shIou44tOZFjK98Ox1BW4yE="}},"WJH4jK++Yic+8Tj8saJroyq4UXrG5fFvPz00JlRya+s=":{"valueMac":{"type":"Buffer","data":"cur99XtWIaNSgwhmQ+9Cs1v74gU2ZnJ+FfnOd9u4EgM="}},"4a+3CRRUOXRqzEovDRgj929HJN2cmGxMBXOGYLoo9rM=":{"valueMac":{"type":"Buffer","data":"2YcCd+KauuFzPn/HQCw3rj44cuC59gBSf6ayaWrVOx0="}},"+VgBof/fK1YoR/scVm2r2yjPo9aiPWp1dBL7c4y6eFM=":{"valueMac":{"type":"Buffer","data":"nKpdkPzBqcq/1brZYy3l8H0G8NMitDBavDP8UnQGtpM="}},"9Ul2bwk6rs6UYswbqUsQy0kWDx5TVBPwMg3c9+P7lao=":{"valueMac":{"type":"Buffer","data":"AEV1FZCo6h5NSdRolbWvJFUmvlWknpphJqiHD80UjoY="}},"uSnQEOfbcA/Jr7AXbRwxn/t5dhy1aGBECJdFzGcFlpQ=":{"valueMac":{"type":"Buffer","data":"SfCPRFJnXTWOGqR0f5Q/LL7Q5BBgtzkjwpCWmSqIoGk="}},"lgzblte4bnGwTczZU1MbNUJEx8kaa9Yg4txOB6bbHiY=":{"valueMac":{"type":"Buffer","data":"MrbxKyJiUvDJRvS8VJ1QK8sqdxdmZVV8L80kzRNLPxo="}},"wOw33pekcRAdegw2aRx+dcKi05k8ODpT//QpOlI1dJg=":{"valueMac":{"type":"Buffer","data":"yikCsg8Hx7mvfj2NkOX/3DfIobRmHUGPZdWhwP9bGSk="}},"4wycsVaUng4bzqb5u3uBcBVCL7qc3d4iV5Ze1wj6SfY=":{"valueMac":{"type":"Buffer","data":"UiMbmuqrPlWfQrwyK2vHimnfILnQp9XPhKMonakH07w="}},"UKcYt5nHlN4p5L/gLAsrDq+fX5SYvCIEfsDZhtnmdgc=":{"valueMac":{"type":"Buffer","data":"OW3j14rrF3dU914NPyWEBKhVmn4pdY6Elc3G+k8WL/A="}},"oFghfEYszYPwbXphYmo/n7jRXNc3OQ7lQYYHh0PCR6k=":{"valueMac":{"type":"Buffer","data":"De1S8t4a1L03UgpPMzkWH7uVP/LydOj8GHV1PYfc0U4="}},"ZxIUzawpoCgXt0lH3J9YfO0Us192CGSN9r30aoVddpg=":{"valueMac":{"type":"Buffer","data":"Jg5iTbKkPgR43AYYlZLGQpH8BZcgjXQRy2zZCAH7m88="}},"Tz5ptSQlbShzdlFkg1l/SPDRg2waKpX3bzlpflMc4eI=":{"valueMac":{"type":"Buffer","data":"ijJW81uhF1NH0u9tMu+18I+QEZQiFWE8f1o53zA6ejU="}},"R5QSRAV0dyxN9A9VUqczIl1jE6pez/9d2QTa5JiolEE=":{"valueMac":{"type":"Buffer","data":"nj/tsFU6kMzg1ZLwixrhOnKkoyO82yB2ovpl5Edddvg="}},"KtkhkbZAVTXyr/Oi7WipSFiPLmI3xn3MY2PSb/8q3Hw=":{"valueMac":{"type":"Buffer","data":"m/6DHVn5DwGK0LCC0y7TGya+/Xe/zQNu4ddcgNebRTw="}},"VUKHLS8BlP6WvLg3BKF9XbiI8/fJB5SATUblCU3a7Og=":{"valueMac":{"type":"Buffer","data":"7tM1bRUsDG/FaSvDpuNKV+rD2zU8BwnoHYBRjlmzOmI="}},"eToRjX7lpQHedQ61VA4gCEUpw+gTLzeQMVff932gJm8=":{"valueMac":{"type":"Buffer","data":"Nz0hSgfUTx9ZWrkMuuczot9Klzdzu9VTxKBRs4mPfRY="}},"hTeO6LglLCjNCx4Bnri4TUmx+C7Y6unVU7yDatMTYrQ=":{"valueMac":{"type":"Buffer","data":"MpII8MzlPLmBvvaacLJ+JFAP+8+fVzCI1jHfzprYv5o="}},"XlO0ox701TaUpriWn44yX1FGEPQBsPdXE07Ka//q4UQ=":{"valueMac":{"type":"Buffer","data":"q+lz9Dw31tabbgt9/KrmeyNmNYi7ulO23nKZsepiPdk="}},"uAKxqd00c9jvyxodhXgb68qtt0AHlufiX0ajbVmtHQQ=":{"valueMac":{"type":"Buffer","data":"XEZFAg62EjYMpakhNTVicBuFBZw/2hyZ04qgfm4eD8o="}},"qn/O5ehGcmpqRVJT61HQArdDzzIkLEMZrZM9Xmv3wbU=":{"valueMac":{"type":"Buffer","data":"Wu2SWbpsLBvN6opz18eY7Q/gh6VETZeJOQVYIake81Y="}},"kjCLq1THHyYoMXKTAtaJx/R1Jt2e1b04ZS8RbZAcTHY=":{"valueMac":{"type":"Buffer","data":"4wJXGluVpaA4piMVB/SvNfgrmMk4mczRopANnKT3Idw="}},"TxdVFy8Qb0p50kzIFDxxvrGyVHCE8JTQUmOBPGcSPe8=":{"valueMac":{"type":"Buffer","data":"tTKci7Xg2j9h/Or5Ci2SHlCqS65Uc35D1MeQV4KySfU="}},"BMz2seIhbeTFuZuE8MuajkOVcTjLQ2/qaHn7Go+tRBQ=":{"valueMac":{"type":"Buffer","data":"QhCAh8YXpUz2kpIFkJZxF8Ff0X86zWXd8ND4wOJs5As="}},"ROkArhZQ1fE4Fr6ePEvJCoHQ1iWCH/UPtPnIyjNgqlI=":{"valueMac":{"type":"Buffer","data":"p0EUum8ZbnJ3TF44dvq8bmDL0XHiWniRirK9QJCe/04="}},"BhBlCCXk7nCsXASaUtJHSuyCLKmEpKZ/1aM//1ZP3Ng=":{"valueMac":{"type":"Buffer","data":"Lllw4wp8YLXJzaL2BpRGnSIgqqNSzTG/eRwPprVvYt4="}},"WdkXTQbrfbLMU9Pwr6hwQ3HWi0uY8zVjZ3eRHH8TNsI=":{"valueMac":{"type":"Buffer","data":"G767TrOF7vksJBIZ3eflnjrF0MLHjGkknpOX2EX5YBw="}},"NqVfbLpjxjhHfAM3kV1GmSmi0WRKNu8GMAT8/t6ivpg=":{"valueMac":{"type":"Buffer","data":"l5lPANZaADxieHQ3rcc88CfXUap+t8NaXMaEMYw+MxU="}},"+B9zwudyHU6GDINd0rAURiPe5313JKhWAurd9TIAYt4=":{"valueMac":{"type":"Buffer","data":"k5b7q9rpEj5H07fNFp8UEEs5Ymm7hiMJ8/2FWWovmEY="}},"0hBsbWlOPoDDz+hzez/Q57UjPCvq9lZvn0ofH64y1BM=":{"valueMac":{"type":"Buffer","data":"mtPYsKgJQkL4yi4dsveF2cf31qPgEa84P3r90quFiDI="}},"5tgBsN6JIaHeGMZj9rCZuDhdqMevE61qelm095VfTg4=":{"valueMac":{"type":"Buffer","data":"/E4FG1xO5iZnpbTyFk7IJdkq+oC7ShPM2gc+AucoYlE="}},"fRVjbRpgqAaP8VcIm7cQXPOgSSIEVwtlZAVL1yUjtv0=":{"valueMac":{"type":"Buffer","data":"2cncCNqLi+I7PbhvZRDTFH+w4p1YLYdJYFT8dvmdGP4="}},"rQtsbCeXAMyy9KgYAfL5MBjCOv31Ld7wSQE36ATtFVY=":{"valueMac":{"type":"Buffer","data":"JSxbobwTQuS5XXpsYCC2d34t1SpfJP9PzjhjVMOyqdU="}},"re6ZhBN9YI03hzVDeoQDnCMmecJGOt2R+jQqOe3LPEU=":{"valueMac":{"type":"Buffer","data":"faoqtKyGB3oFYfK4coX+dt9XtiknHb8lhHyuBMIJdBs="}},"JBU85uyfIc+dtlatxBp0G6rb9ITJ6KFu7YYlNq8lKV0=":{"valueMac":{"type":"Buffer","data":"TcWwO+OFg+GyIrAH26axr3JcNRtveR9OQRovYhluxeo="}},"fdSIh52L+JBq17SrwFM8yWtFNn995FootAJVQe4UDaA=":{"valueMac":{"type":"Buffer","data":"GKJxkVjiNzaiYDAlhSGYdyzmM9UJxGcKrG0+IyY5Tq8="}},"SQni5r5Dg2sw9+2x9TWEXC23cy0/1Z5IKVJ9IEWLqew=":{"valueMac":{"type":"Buffer","data":"n+PygOSxzFAUrACqRVRflXSqK8gbNcI3ppTrU8z5bEQ="}},"qVdQG4grtU0zqi0qpYB0h35ZD2BuWVe1Ffx2n5KEsyY=":{"valueMac":{"type":"Buffer","data":"1CGT7P4hNJRTEaBsZIG16ZHIDLIkCl+hXdYwH3D9Wng="}},"YCceYl5WGdPbgFA+mmemRo72I+6n3KmIStpoemmqGxA=":{"valueMac":{"type":"Buffer","data":"mj7p5J4RG7CexOk5zuysr6+o4Ghbq9n/kcAcK3iN3D8="}},"AjqKqna1qZOmUtDhHrrarhi8YmOgHQUF7aR7dYhAkkU=":{"valueMac":{"type":"Buffer","data":"RTFlitoBYEqzD7FakhKfKs/M9EY9Pe0q9ZG8eGeOEGw="}}}}