{"version":2,"hash":{"type":"Buffer","data":"ktwScmiKTj2wFFwbKdiZEh59fFTA3OdOdfTnGScg2pO8tXyLQr6qC5/a0o8P1vQWrA7q6RctKSeyFBop7IVAK35SSJiN517j20xt2rJ0lzWCjZaI7l0tUqrJqn1Cf/86w6DlJRLmAXWd+VdDbs0S4HrzrPPM34oIdfrGk9gHD6k="},"indexValueMap":{"wI13HW5lBpnLKjh8TVHrqdW0mvJbIurCpqTz7McCqeQ=":{"valueMac":{"type":"Buffer","data":"tgMwnKS2X//rlNcMdidcB0Lef0MJH/T526jcuBhaBJU="}},"Jf8irZAtlA848rsFqwzc6gSu9YoP0+5jkItlVSHuqyE=":{"valueMac":{"type":"Buffer","data":"6NUft/HnDMfNDT+oOu4ErIi+vWRiSUhBhpaWlVjfEj8="}}}}