{"version":2,"hash":{"type":"Buffer","data":"fl6SskYyO8IieCiWidmUJG5Q+VLUPELqiS2ZAugQ9OPU+u813dGCZjSsjMXJLBDvsl5MPDbeXf1zq0fqJA4YI9oo+7pY5IP15y3T+GLGURvQKEJHpqSY2KUB7aQqV8fWJbDRRyE+UflwWJpBLwaE66XaWyeaHn2CofNa4is8p1o="},"indexValueMap":{"V8wkFonejhPD6QOPfas/uuRvwnQx4YyLT3710NqvfvU=":{"valueMac":{"type":"Buffer","data":"mTLSnNZCo39y//YDm6kpWPlSW7J8CXQjYifhWPunOdk="}},"gzrUSEbncfefdy3ffAdzSvLENDoFFJZiQcDtN14kzLw=":{"valueMac":{"type":"Buffer","data":"Gs9TT+taFaV52eEhKq37BhV1f6nXF9BYJMmbc3xdHtc="}},"adN+4pdIiXhdj76yqkKpRnV0b5pvHrf9Ecd9LoSKnKg=":{"valueMac":{"type":"Buffer","data":"/V3uS7/8OoRw79emlRFF8fPJJH/p3EdREmI0ruUdgCw="}},"uf/806uF/QhqTFbiqL3cKIFel/WzSk0+PJ+vaaQAk/8=":{"valueMac":{"type":"Buffer","data":"B48vnKojjlLpunIkI5l+WpruYnKZoIz//S+HwXXLQJ8="}},"W9Ym384WR6JpoXeRsNHYcNbR0d84az4sTMYVN+Jr6ok=":{"valueMac":{"type":"Buffer","data":"QCveW/yJKluMx5zUL2ufmQQBZ0GhK7fPg5DqMwI3WJg="}},"73nx06jpQF1ls5BkUvTYudnyBWlaS+y/yVz5qUw8Sr0=":{"valueMac":{"type":"Buffer","data":"oIrp0cvW0QwD0+t6TNv8Tt8lK5w6up21g+L7N39UIF4="}},"ZKWa2lEeDtVS57SD2MzUBZTQYVCQKjsYWTidww0/grg=":{"valueMac":{"type":"Buffer","data":"o/P5AVxYFr976o3jEB9VGo88SxQfKXUnm/qKSP++P9E="}},"K6dByHgpOG/cxCTwxxUKBlumLFqp1H8XMvqvYJMHiOE=":{"valueMac":{"type":"Buffer","data":"zfZbRsCC6AwPjDrqcnk5styCVm0oLZY8LcLWkkdGIkg="}}}}