{"version":4,"hash":{"type":"Buffer","data":"6Pe8sArXoEaPGH0fLVY0/2Uktz5IXy8BzrncIy6IhWj57UfdGd92/xNql+WoTTwKplBhfzwgkDwzhO+1jNHnvFuwPNHR4VWCzqDK8T2tQdMpUU1FjoL2KOYPidufQq5XcdmPHYVC553l4ygZCQcfWQ155ZYyKuL6w32ieFw2/jA="},"indexValueMap":{"7Q2ZeK1n6P4+cPVdd5WSu6C/wFz08RIxZB8IYZPIZE4=":{"valueMac":{"type":"Buffer","data":"1BN2yl1fWAJ/2Wel+KZrNXJGyWeEuzX32lyTW5pWWiM="}},"WOwxGfC810Ro8Tf0TNhQXGTJ+8ozG7De6v1WbGLlHpA=":{"valueMac":{"type":"Buffer","data":"vt51FSOfTXHk1+BVhslgbEwPljf9aV80R10rg0Myc/8="}},"Ne2EQQmU/nFVfxEtQkIR88xws4U5l3k3wgYluBhMhbs=":{"valueMac":{"type":"Buffer","data":"CiHNcd1zwZ0LHXaUQAmwQb8nml3RfNrJvxnQUvmF0mg="}},"1UEK1RRn4U+zT4YtCpwAWhIiDz3tXPdwhZ4QJjmx2FA=":{"valueMac":{"type":"Buffer","data":"/vYD33UddDHuPXB0EnOFB/6eoZFPfZfxNigfOH9NUmU="}},"8gcrKW8r0Tz5f9ClrZCPBeBqQ0S5Kf2TuZReB5Vl3hY=":{"valueMac":{"type":"Buffer","data":"T4iBPwj8Eht4DoIgiCgWZLueMS7cU+AAPi1gR73OiWM="}},"ioKyCJo6Jxl6zRwTWN+A4Ueit6faJbnx+7zKsONZ/JE=":{"valueMac":{"type":"Buffer","data":"8tb1tg9MmXCcQ0Dr60H6GKDBYn3s610wdgIV0m7OLCw="}},"l4eQbeJOA3UBst+myJVCSrfA/YtRAY4FIa00Z/VEE+A=":{"valueMac":{"type":"Buffer","data":"B1pgDm1mNHmXgB5aCEKcIyUClMIFjIxztYSzswRkC5E="}},"6wFBYyy5EUdV6egUuXasUIC0tAyx2x6nARurFCw5afQ=":{"valueMac":{"type":"Buffer","data":"pR0haNMlf4tczE/+3bBfVjtVZovDTNHwu72VajhlXu0="}},"QBBmu0LM400N8wIo2wudT7nTWZSTvXGYtF6aBzveFLI=":{"valueMac":{"type":"Buffer","data":"60zkntWCs00awH9u+ITiavokYkkcYV2XgDf3vmeSIrE="}},"xKTAbuUuMbjp8p90ZayWu0gHzIpDrADCIWh/0qFcFxg=":{"valueMac":{"type":"Buffer","data":"wmZ1qm+UBDTdSfEZYleHr1i+VrlVIWles63a9fpRhc0="}},"TSV1bnzbKjcYBiDgffUiOmiramutcRTsgVcbCFYP9TM=":{"valueMac":{"type":"Buffer","data":"aRDAon9zgKDJU/wAYJ65z35w2F3cuAJk/99H5fvuE1Y="}},"HYLrvj+hL+t5LCdQtzBgzzaXBEWhNiNES4ABiEE09f0=":{"valueMac":{"type":"Buffer","data":"TJnhuTy/ABEOrc7SQPRqB74rUCdo0A4u44itxEM3LZQ="}},"33jL1l5DPuwzAWZoJeMcK7w5OSSQ0/R57id3czbCef4=":{"valueMac":{"type":"Buffer","data":"zt+cTeMdzjWGxpcN/8dRcxU1onXBSCqi8dct5X99kEI="}},"/fDFIwYdxFyrG6BxPnHATEHTIr57UkALXMS0WEt2W4M=":{"valueMac":{"type":"Buffer","data":"krrsQ/Ia/fxZ2AucXdXMxzEfTkXR+Rztm+l9Az5+f+8="}},"aiGVhioR5KCKueb1RisnI7lbMO6q8pfqq+M4zXWKd5o=":{"valueMac":{"type":"Buffer","data":"PspvTFyJGrQxkkhL2RPunX8pkqoPEoJp47Ckf6DCRQM="}},"EAPSNvXuIYYi7COIIo6B58YU770qIH0GJeIbQ5Y3cCI=":{"valueMac":{"type":"Buffer","data":"wjOAdXGzmMxyNQWw0aoBpl67X1a7ogeLooh+04Da8XM="}},"ailYYcVUFrJ0N7XifOJV278wZ8MnZKZ4a0970RQFopA=":{"valueMac":{"type":"Buffer","data":"YkVGGpxTwfPIRIdqrsnOOqlehjm7a4Ei0W4s6KfoBVU="}},"WDm6q3oZR+s37bOJfSDj6FS7ViQZf7VZk3j+POXK2G0=":{"valueMac":{"type":"Buffer","data":"QIig4GSaJQspXsvb2qOIGDCgECylEVYr0gR9lDWhwU8="}},"hxEggIGpIFoGYN3yDzekDs+rI1IroKXpjox7jvV64dc=":{"valueMac":{"type":"Buffer","data":"kjWAfGNHYjtRg5d6iwPaZWNszVXa816ty7nGKzXVBk4="}},"POFN+xOD+NSzzQF8lauxFtP6uc4MqSxPBTaKepS2kKQ=":{"valueMac":{"type":"Buffer","data":"mXk0bnTKHvqzM2H76M/wsWvBbXIcNCvRpQgbvumw77Q="}},"C5m4nIm5WkCLfoUfk1rZSRf3xmYLFiOgUxMphjrxMKI=":{"valueMac":{"type":"Buffer","data":"L9pDiGJ0XwFOFvUG55jGAA9+OZ8bNc9NsLmo74VZOyw="}},"b8MMH4am2Cem31uT0ktHaEcmpEF1nEd0zSMlvRjye9k=":{"valueMac":{"type":"Buffer","data":"wAS6BNeomfq3yAkcp1r54DgtzFQFEH8NJDdm/AsGIlM="}},"pagKf1yMK1rf7xAk01/RC8zmoiBwhLaOB3lt0T+Kofc=":{"valueMac":{"type":"Buffer","data":"fJn93+LmYMWA9XC29M99JqSkXEdl2MNkirS4uLsKvPs="}},"+HWOfSnqvbJBkBI82wCk0VaARD2bF0XfCWqaZcBeawg=":{"valueMac":{"type":"Buffer","data":"WE9PnZZ2jWN66ERkpkxS5ZpRWqLod62M7Ym2cUPyJQw="}},"encOnvbnXBcxGrcz89t1DIgzxEMo/rkbaK1q8AGXTrs=":{"valueMac":{"type":"Buffer","data":"kFEllWsV6bxxNTUkSwIrN1Z9i7YarI839bGCOfxPCXQ="}},"b/o/O5taobDtdRSd5swY3ZGzeoFHivrorGf9N0PTDCA=":{"valueMac":{"type":"Buffer","data":"p2FMrsoCDmx43jcOpHFM8syQ7x4tAkLJcNTjcW1+Yx8="}},"krQGv+JEehWTFv9THcKts7kYWdp7GYk607U0ei+caak=":{"valueMac":{"type":"Buffer","data":"uNG9ZF7GuWoC/hNGEkEq1sCIBudQPcAteX5z8iYat6Q="}},"9A90VUZSy04FGJ/3/irgCxCx2+gejytjrgvbLJ5c9Ng=":{"valueMac":{"type":"Buffer","data":"mtoJneu8k6wfvOxDfqviqDPb02tWiX5hrKtVNhl4KKg="}},"Ajgq2/Pt0HKu3pmwCRW046+JFvMq5hXAddIh56KgjyE=":{"valueMac":{"type":"Buffer","data":"dYz4roGofNSW1LTOmEFF8yQbhwg1/GfuOdfXIHfvUjk="}},"wt2dozh6opUQZ21wCokxZo2V1/LgFfg+iLAZM5/SLrE=":{"valueMac":{"type":"Buffer","data":"LvhAv05QByLKD1FhHLgiySPptNq//D5ruoMFq8o5NSs="}},"Y7xm0v40Fl0plWc87jHlUmSDxWpNK1SWPikpaDmzsA4=":{"valueMac":{"type":"Buffer","data":"lQig0GS7h2/V/fwwFpEufwK1ENqGXM3XSLlRwdcEp1Y="}},"pvN3skbKrc36W+zuKGJqfpl3w/LTVwQeHMH6A/BBd68=":{"valueMac":{"type":"Buffer","data":"g6q9BD/Nm8hD5rLUjzQ0cDeJiMtawVucdLFpuKd9fFA="}},"MKCOdbM8nq6oAxrxll93ICA8vDnFbq7oBOJdujw9RwU=":{"valueMac":{"type":"Buffer","data":"Km1bMHGlr2vx+F53xYq36dBb6vuxbArVYd0fHMtEMNs="}},"VP5bIdrrLtPut2bPJp3IA6kiGJPdiel1iEfqgBTaNgA=":{"valueMac":{"type":"Buffer","data":"epPc3EqfnWiTcZxu2b2jHC26AE8ha5R8AX8Ii9mRI2A="}},"UwQB9rv0z/oVoe2b5V9Z6O7g55JuEey/mpmD1+IijrI=":{"valueMac":{"type":"Buffer","data":"l0GhjbjscRAca+BcPoak8yO1zXqFf/OOPY1xxPSW/T8="}},"EUonkWy4goe/whtD1XjonWZ5Wmgf5LzXc+4DO4auciU=":{"valueMac":{"type":"Buffer","data":"VbS+iJ89NXJ5svN+Ql6fqwdOc3qKbkxDuERgRa2/Rgo="}},"Q22muCO6v/mBanBs1N5HvRoA+9Qhn+cei1S4PUB1z+A=":{"valueMac":{"type":"Buffer","data":"yH2iyBVZiyJWwXzAkHzKKIWrfsdBc1ujOVcw1k1RqOE="}},"JLFOp9TTur7ZNeF76hzHw6S4FuxHnB+19ypZw4IODZo=":{"valueMac":{"type":"Buffer","data":"MwBuaMcdRHH9/u39zvsYdyrrnmIom7g4+TF8iAdGoKA="}},"egSvlzf3EpbxFewQ7xJ9rVJThlCp/nsJVF69aHt52sE=":{"valueMac":{"type":"Buffer","data":"MGt/2EAP0vnUOJjBxRdZ8Xb0LLt58RV3Ep/Vjf89C6c="}},"iwOa2QAEj44k6mwo4s4JlMWnOB84I57IIiqx1ZGxnJ4=":{"valueMac":{"type":"Buffer","data":"ecMzM0DTgBvXEvJGMjzOhRmrgqi81L5JIOOcugwI7x0="}},"OIAq/MDqpewQm6gZgXyXb0GVrg3/9C/b8u1iOfoNSJc=":{"valueMac":{"type":"Buffer","data":"EWz/1LUMDNSzcEBdgD0lezpwJmeu+ZMqy/R7LKwtrf4="}},"rsptAbIupyjsE6+1x70YpuAPW51fJ3CahVO0Aw5UiMk=":{"valueMac":{"type":"Buffer","data":"LVThBRp3l1EqGJDtaVcwoD+9E9qKvbQCopaWOFkjdEE="}},"qBXGiDpqXZViaYQHXZyZOCTF2441x9KQDIJpuMYpULs=":{"valueMac":{"type":"Buffer","data":"tcQ3YusAO27F+cb+g13KRWIZW69zPHtWdK2p7iOT6bQ="}},"1Yqr6orTtHw7XAg2MLWJMHvys9/YjJ/Qt7RidgW5dmU=":{"valueMac":{"type":"Buffer","data":"CIKj61S+oXWWN6/xquY0dGn7dqrv0OZNZoKJneOvMe4="}},"mhz4DgFiVl5T7qJ1chZ4p7EFCYaQjfse0DgiBQw+Kqg=":{"valueMac":{"type":"Buffer","data":"5JNHWXKpQ3AKK8Xi716WCcSk3nbcfW10jPBdHK9oa5c="}},"fhEHYGSAYJrgOgQKkjz3RSQtaECaKJqtPc44mmepxu8=":{"valueMac":{"type":"Buffer","data":"f8KXz0wZAnrkSKI4+c1l+833+LazOls3xvBhGBj5pQA="}},"UwO1jgMYfzAYSe5Tg+ToEExC5vl43+WOhlet2iN9o0I=":{"valueMac":{"type":"Buffer","data":"gDkibGecbANPrZ908Cse8tm8mn9U23mhgFj75m7xHOM="}},"9InbodwKHTdvtDOxrO2Nay8QYmXPHWP1Fe5EnWthB58=":{"valueMac":{"type":"Buffer","data":"RZa+96MbPp5EKq3Ch8a55TmfB2VjeaXo+ijiGHiLXSU="}},"cqkrL57/kQ439TKzxGFwqO+Uctj2PDgqLQ/oWkMRe0A=":{"valueMac":{"type":"Buffer","data":"ZcOmQn4Xhf2s49H7nLkBoMZaStBHznP7EUR0mdwehj4="}},"EamU4wbYbXgJFbx/1wCwq9UuHEBBDHwUYKGVkmPk04Y=":{"valueMac":{"type":"Buffer","data":"9UeTeL1nQSGR7uRibc36e8gfdHzt67m9ULAIfZwemjU="}},"hX6R6RDLY+WVetyWhUGBLO47HWyMPpMxpE8J7iNMbfE=":{"valueMac":{"type":"Buffer","data":"xq4F7aJHOehtymaslgiu60nyAq9Xo53RkDSUh4ONGXc="}},"sGiuu2Hv5rXOvEL4+6sB10D72ND5pud3FH/S2Erq83w=":{"valueMac":{"type":"Buffer","data":"eYujgsIQzOS5TLiV9VMilQkC2RLiQaejMBcrGXQSwAg="}},"Y7PmOa0cCJWBB2sVmb7BltL9oaMgHcZZevOG6WWzYD8=":{"valueMac":{"type":"Buffer","data":"O8MfUugOwKv4eaSbcWrPjLOx8CC6VvCA/QUwpA6USf0="}},"0Q78D9Zww6QFTheVXPlJDocG3wni8LYt5+7A4yjC1tM=":{"valueMac":{"type":"Buffer","data":"58gNWPfZ9wOD4IwgAkXkzjF2Riqt0DEmlCsvr3NxVWk="}},"dKHbBWi4tWQHsixrAwMnRakig8giLi+NfIA/+GH7E84=":{"valueMac":{"type":"Buffer","data":"Y6RWrSvSfKskNpm3maypggXGtV5cEzTDeAY6leEZURE="}},"U+xP87yJ+yBgEp8hnjxlpJsEwBOXq2jVUjJ0iE1EgCk=":{"valueMac":{"type":"Buffer","data":"jx1etiTlT1mupgIt6vOkQkoswFcvBtw+MOJg74ELaHw="}},"E/3eXXxuNMWedr/AAbtbmiu09Hq28CYyQ+iVd7LR6LI=":{"valueMac":{"type":"Buffer","data":"3DQ0zxHrgW/QWoPN75sHT39IuKkQ+ujMom8SXq5GK1A="}},"3o6Hk4HHu6yZUh05fzYuZ0PaEKq0BAqpN11nB/MxFtA=":{"valueMac":{"type":"Buffer","data":"XRntyEjnjbx/mcUDepkUjT9HPt5e3M/EUUIZu16Er4I="}},"kvvvauQe/Nu7Ms5oGUTF9HRtwCrMGDd0K+yTBsuebQs=":{"valueMac":{"type":"Buffer","data":"PAHrL3ua/XIGOIbR8qvWywZ56WU7bsSDRTf3F1v41aU="}},"D7MuNSHWR7DVv8YdAM045RhTvoKMG8mefTkfJGxnow8=":{"valueMac":{"type":"Buffer","data":"OoQXvSJq1OddLCMovzUj+9nm1zhx96wlx7KjVdGlRNY="}},"kJVRYWjLI3GhO0kfL/3eE+bQtnHRy8+ieAsBTQi7Tpg=":{"valueMac":{"type":"Buffer","data":"ubn+Ghqo7IPxrBISTuSm0ULD3Sy1/o2ynYPiQTJiWOo="}},"k+bu3nP6EJx2UVIINJ69sPwmisKv6zfCoaebLsvK4VY=":{"valueMac":{"type":"Buffer","data":"IDS6d5yV445PZTSlH1eoSxayp62q+T4aC6JtKqzWE0I="}},"SNqpllU6PpNDILsc8DanF7+gW59Qh7/A3ew37klN5/A=":{"valueMac":{"type":"Buffer","data":"vEJ9JiosvQCyzMsUeZSWbpeIUJDmmU0nz2lzciFXaqc="}},"OZWvFyQHjeT0w6hH/nvlU5AFM4HvbGQFcgtLqA3Qd/8=":{"valueMac":{"type":"Buffer","data":"WkTJwxZXASNYI1T2AJJltufGDM6haaNHzP1RmYVz2Co="}},"l0vcRTSFSexnu4lPaoDH5tc8twiS3yb7zdeH/4ss/CU=":{"valueMac":{"type":"Buffer","data":"sqZjBNxAwILPWx76dNEKEcTzRkdTCou7vO4Xg2sp4gM="}},"tgKyf25XDNFUOhNagH37Y8fSJ/BiNu1bc7FS+m/Q2hE=":{"valueMac":{"type":"Buffer","data":"kYLcqx/60RaAFknGJJ+cpKQ2uGVW1p6IZhG2ZBLMMKY="}},"mTvx2Ot4He6iBVeB9jfqa8OitxTieq/EJ+SW2o3s7Ak=":{"valueMac":{"type":"Buffer","data":"MKWjzoi1NcHe/O49Vk0kEpBqxDzBCE9DWjrSiw/Hg90="}},"M26hvWPs8vc61jYFUQK6MMDpOi6NdE7VN8A21GgOsH8=":{"valueMac":{"type":"Buffer","data":"P2WSvolEEu3lad5spawQ/LQ+nntrXTHdgSE+EJoluc4="}},"bg2OpKf3efxLke/WeE1kfIG2/DAsK7F6zNoXaiAULJ0=":{"valueMac":{"type":"Buffer","data":"XD7/P3FVKB6Hn/irAgM1oMFKfRXEN5wv7oK4z09MTA0="}},"L2GQuK8SRjGjepC2v+Mvldsi58bqv3E2Ys5Vk/lF1Ws=":{"valueMac":{"type":"Buffer","data":"90xLpG4n87L+5qGFXO0J1SOVG0s30UdCjzZoPy+xoLE="}},"Fe36xpMhUmScZdj0zfVGqx1In4/xv6tS43qBWWEy1GY=":{"valueMac":{"type":"Buffer","data":"hIR5nvwPKRlvv5tOXjoUrQfUTZsdA2vU3sIlKeP6Xfs="}},"FGl6ZbTreq55Ci9OatgmMRlEom/ImqSASwL0g3OccL0=":{"valueMac":{"type":"Buffer","data":"yMH6dHgBKNXdUC/D+yAwmXv1hjzA7ZEGE7hTrmuHq4g="}},"RUpGiDSIwZOsq1xQstIUuMbeHZDNtKDJtaT3UMbr/1I=":{"valueMac":{"type":"Buffer","data":"dzZ7zbrQOQ8T5Ap4/DvaY6e2AxR+LT4oCt858whkZAI="}},"0MXPIBjvKDtf9o/R/KEdmYfFlL8Ai1bMpvVTMpzyuuo=":{"valueMac":{"type":"Buffer","data":"AdVdk7fbKOb4OOeX7v/oEXO0ZcHxb9h/uMlSdO5FTag="}},"j6pLQsc2cWsj+BdzgVbUxijq+kKo+ydOTh7u+lfBzDo=":{"valueMac":{"type":"Buffer","data":"rKGKR0vDTcVHDGF6ddNzI+eugA39zpEkrqggW0xyVnI="}},"rptlIl7sWBnKr0yEusJE0zvplFidi3HrGZop8BlaRl8=":{"valueMac":{"type":"Buffer","data":"TriqKca++IZTWTsRSUt9m4UJkss/S+mkAOtx3SI2gvY="}},"MnWufPb/xYWT9JIUKR9m83O7QQFfoR8T+g8xtK/nqeE=":{"valueMac":{"type":"Buffer","data":"KwRZ6mlc2zc+RV07Mk1N4MylvZTyhXibwy+pGJN86CQ="}},"sMhV5e8vLAF2dtLw6OuplTjz0S7usNxX7jj1jbYChVU=":{"valueMac":{"type":"Buffer","data":"UarombSv6EbrHnhHTD+v1KJm1MdCz9QCLrMsA+9EojY="}},"nxx7zXvzYfaSBMfDes43Rh2TXebt/Sog7jILixKFFag=":{"valueMac":{"type":"Buffer","data":"W5qxOusC4ysTZ2eD74fNdBBEibwubpSeICGgds/oetw="}},"xTO8w9cKBctuPlq4OjebRA/0XbV3LTs1FBUN9AW8aY8=":{"valueMac":{"type":"Buffer","data":"V4UopGU4dGq5IeU0oul9FZtCycHtw7Lg3YVIZSZGvao="}},"MQoaqxZYfoJMaoZhAiMoz7edXegkiosBZhkpe7k3ylA=":{"valueMac":{"type":"Buffer","data":"U/dC5vkvhDca1czfSaHl0/S/se4c/xqcKot+gSHhiCg="}},"7nx0gs+vbO9We6VkPuYVDY5TNGQec5Fme2ZBzzAH13A=":{"valueMac":{"type":"Buffer","data":"rc0YHmGAchPQELyxdKPJhGUYyWakqwTKx+hwP3c4AGE="}},"pF4Tgia+4+GylimRH0bgnBurnzjW5fVGOi/Zt5VMDAU=":{"valueMac":{"type":"Buffer","data":"+EKjmEqOy8dfsJtQ3+H7DcFMii1f6yy5uEyREZwvrRk="}},"b1mHRkpyxcqRVKN957OMxZ0A1JBKAwAYK/1qBHwIZjU=":{"valueMac":{"type":"Buffer","data":"esYIlJg88ub7o4IzcQEdeb29GfhmUGSet+B8CnIGXiA="}},"bf1GtHCvC1nrPgTJ4k7FQ/3lKsxmZOIHrH0qOo8aR10=":{"valueMac":{"type":"Buffer","data":"MsulivKkVaxO/i/d2+6RUdJRy4Q0IzPoNfOcMwyZqOo="}},"h0av1XSk8Xnpl6FpQX4rD591sbrZNaRAOQT8tSFzxIM=":{"valueMac":{"type":"Buffer","data":"cZ1KsPjZ0hZPrlPkW5vPCt4p33xxvr4zuCykHsJkM0c="}},"tnVF+fyNcUBZYpoeqtgq8o5eVrMix//y03Qm0C/QLzE=":{"valueMac":{"type":"Buffer","data":"VmEI7V9USokNj45KetKGOomWPeDLgsh0E0s9ZTrfEm4="}},"g3iy5ITBGx4VkbEz9ZWpKNIviiUaDkY87Zy+ZzpdZL0=":{"valueMac":{"type":"Buffer","data":"Wj8dbUJLOzn2w4y9nX3Q86sGxHUewnjGVw7U4L0CMWo="}},"SSzvDX1iXua8Xe/ah0pYrcxWQBRE2MXEQSgxj6O6T3s=":{"valueMac":{"type":"Buffer","data":"5oz/9HKV/Pb8i52vFaNjFuTUd1B+n9Q5+AGLt+rSDCk="}},"WpVkU0Lb29qe6HXu0Jp3pPmqZPPb0iQJt7RKOadsGDk=":{"valueMac":{"type":"Buffer","data":"7IM8OzKAHWiI5ah4zHffoXluOQz02fdWGEeWOmggQn8="}},"87XcBmdQgHAUhUHpKIcIT5GKIAxIX86wFhRCpcARy0E=":{"valueMac":{"type":"Buffer","data":"Kp7v81Rac1qgd4cyG0mhYhs+LjR0JtycD6PeuYKcqjM="}},"5ogw8YWrdYZmXrUU1Wsi1szWEdtb8eNZq6aNzYMd2+0=":{"valueMac":{"type":"Buffer","data":"mYtIaZ22a5Eqh/UUoZ0V9XERSUwZTHdoK5ypytLnxCk="}},"LnFoVq3ZIaTRf9pt97NvJj9gV4atqcuW+BrPg8bnoRc=":{"valueMac":{"type":"Buffer","data":"olhcWIUXtO5bm0Ta6gRD9/4+hziZIS2PBqpUfy3xC7k="}},"rfuFRvTYpTRvKyuKqLQLgh86Q6eg2YEIxiChC5PnqvE=":{"valueMac":{"type":"Buffer","data":"Xy4izdP6Jk0AhQCRv1aBTlkadIk4Ivj2DIEcq9YnRyo="}},"PjNgHYiiVVFLgimp3yfWlVV8ARXjFulqNpV1beI9gKE=":{"valueMac":{"type":"Buffer","data":"kVKs1xB8RRsqTNXzNoSSpuJKvx3UH3hyKRx5fQ3i5fI="}},"Wboj9elSL2zNmKXl3Afl/qFohJros00exVJeUNCLTm4=":{"valueMac":{"type":"Buffer","data":"PNGg9X6s6US9oOgtlQNzs6OQWC5MD4GQvuhiEYRZQM0="}},"bJUljtW7jipWmV/dCFIgOUmBFvNRyoSl1bD/JnKoydU=":{"valueMac":{"type":"Buffer","data":"CIdgK7+EDqDY7Bh3Wy88aA2VpysYKLbkpAS7Hz0q2m0="}},"9hQpInkwLIvnB3n6vUccceLRRrWSBWjPDeNtzlvCTlU=":{"valueMac":{"type":"Buffer","data":"Nwy8DR/so0EbfDmihBjh+h3hK5YDw/6pec/p8UES5pk="}},"i0ytxxn4PcUhqX0KKX/tOJnA8vH8BQuoNB4ZCu3RTSg=":{"valueMac":{"type":"Buffer","data":"a5BXlAq4CxWIUvJoTXZP8h4qlgYpuSbcBeAfFWp0qYk="}},"kFXG2UcQmz4Jl2KuJTU2rzSrAEHLn+lIkM6R69fh9yM=":{"valueMac":{"type":"Buffer","data":"eDUZmoOCiDckXJh4EDiQcUCguzxiFcXsCbyiA7CUUR4="}},"7rQp2870dUta5bKAIzVGHloCwClbmLCSa/DgpQS2HXE=":{"valueMac":{"type":"Buffer","data":"gkHojtNoZcqS1ah4Ht5U+G9zRIdZunR5DudgrxIu6YU="}},"mmX5GDCOKFT/RME4223KUuTn/DKU8mkmTPDbpmp5fYE=":{"valueMac":{"type":"Buffer","data":"fS84wz1mTsBdcJJvb1Vvhx+g/dpZcXt9AZRl+OHi0aY="}},"wWQQIz+JXCanvJ/YJhtjadAB4OvHJY5cLkmaxIXOjII=":{"valueMac":{"type":"Buffer","data":"7aYybGQwVlw2iyCR3GursVLPZDi/GXOqCJ4ltC+Wi/w="}},"rEPq9G8NhMmAw/YLDSpwZE1e/8ONIg5qK7jWovfirK4=":{"valueMac":{"type":"Buffer","data":"7C3vLwETfhC1t3x42K99krvIu3VMTfw/b9JoiddMU0w="}},"JgrHqCJinBlTHgQ77PWBKGr2p42FIbuOJrm0K+qoZuM=":{"valueMac":{"type":"Buffer","data":"3MBzG27yCy25Q5WT0RYsIRSvzWJmi/ZdU8MaxORT0V4="}},"rrUPzgBPFuY7Qcg5bXlLn4DOCJsoiXFvN8HFJ/aVk78=":{"valueMac":{"type":"Buffer","data":"7CuF+5SUEwHtsQxsdAonCFtb1G1z6IO9V34j0AA0zYs="}},"CwZPMcAKaRcrzw/ITW/UKuZ+ZTCBlxQa9Svjg0qfHMU=":{"valueMac":{"type":"Buffer","data":"jFFqtayD6Zgt1RhT4o5lOJ6iNA1HzziQGn1HLQ90jVk="}},"j9zXAJ0feHQ85jw/+nTbpvr6qmmD/kxRnXdRf7ctu/U=":{"valueMac":{"type":"Buffer","data":"F15qUo1sEUx6M/DjfR5vNfG/UYN9IUdrYiVS73FEOBU="}},"pqcTRseD8clMGjexKLdD2NQh7EadYB3klqoXjIAlPTs=":{"valueMac":{"type":"Buffer","data":"VPiI7IrHmnujD2MmXjGRs79DydpeYynlrm4g3b7UZRY="}},"0fhdW/G5SMOiXT/zFnipS9z192bPfIBm+KF650mCHpY=":{"valueMac":{"type":"Buffer","data":"V8LycEFw49UwiQ801bkzUAWnbylLU/xf50AtGlt89sY="}},"PQd4gfGjkKTn9SXxWnmCzr7jNDf/OoB01M+0tsL7o5w=":{"valueMac":{"type":"Buffer","data":"3Q2fNVjf9InJy6A10z/tE2YkbIUQS/1KfuLDnXl5JHs="}},"Ehb2IcN7/pWgkQlCiSsI7xhJ7i3J6L92cKiUEvk7YLs=":{"valueMac":{"type":"Buffer","data":"TM9HVz3R0dE3GKKOxFr3viG09DnrUMv8jGZaZL6oLsU="}},"STKA7CBq2mn4Fxohgfw58WCnPoC7ZOQkL2KZOPumCNs=":{"valueMac":{"type":"Buffer","data":"io+pbTymValZ/hl6OA9zMOjJXghMllvjmou+u13CNN8="}},"LNu9oNQAF8xO9+or6dUkri3+dP3few+tOvM3+Q2Ch6k=":{"valueMac":{"type":"Buffer","data":"K783V1v9Hn5W2GYd5Rf/eO9IeNcHcM+A4+TXH7AO0ys="}},"3XAXiLP6VkeXDBsLNrd/knm041NfuRHLr3j2fLQk+tw=":{"valueMac":{"type":"Buffer","data":"/qXi8nTi5jxGThQ6IYHVgyIsrgOzg9BZSS/png/d6RA="}},"tmSn0JhyGLs8OPvp7qzC0ARieozU1Isstlyj1rNFXI0=":{"valueMac":{"type":"Buffer","data":"UauqNkE0kl0BG7vuJEq+x31Q26k3HGmtikUZghmI5pU="}},"SK11jyVfBhB8LRwvIRJulixE9Ndf6HcDlRpJAtIrCpc=":{"valueMac":{"type":"Buffer","data":"i6z9ZtykPbvS1KfZgFtJwabkNMugQrI70ImSannm4Sw="}},"lgnofrlIhvS+6ueGAdmsHUf14iKr/yjEgJ1YF8WtGdo=":{"valueMac":{"type":"Buffer","data":"t188fM+1avMRFonEKw1GwoMjAr1e5NiGxA+ss2dkmYI="}},"JSBkiWWTPyLpdzfXbPhbRP6UnYsn2SMKlKhqo+R/J4g=":{"valueMac":{"type":"Buffer","data":"xIHSlBVSgvMxP0mP1utivzUm1Mjjso0T5bekEbNEm3E="}},"gAz8uxSBpFDPZkhU8++bVNBjDj+GMmNw0IgKTCz559Y=":{"valueMac":{"type":"Buffer","data":"Zz8Rqq2Mo2vRFDyja/BuYu3TISTvEYlaSObJDLZ+M6k="}},"P05REMEL89incGvLgu5vZXOcCU3c6c7nCrHJkSf5ufE=":{"valueMac":{"type":"Buffer","data":"fk8XqmeTLVqRJDqnS+J0uZz/PGa5RexhP3m/Orxg6IE="}},"Kyx82Cb/mTqvRD3HJ7sSEqRKVWjjaCm5e/+kmLhcEgY=":{"valueMac":{"type":"Buffer","data":"hFtTrgkNTgjxZ9jfH8vnyvB5GoLvFnvYSXiIviUqqwo="}},"GDpbKGCHidStbCN1L5XlvIOEX0grTC3s7g29E/GbcsY=":{"valueMac":{"type":"Buffer","data":"Ba3z4rORFQ6IzZQgc0mwkKqK/O/vfDZnZav3dEauoIY="}},"xBuvmBAHdApWwyGTymoDT5Lwkh5UTIEyYZSSR+EngQo=":{"valueMac":{"type":"Buffer","data":"Zxcgv93E3rifZ4cr/5yaPngER2mXs5I+oxaSWvnQgZw="}},"rHDrY7yZW7SGDaJcx8Kk054/sGCE8B/Id5XF48l3XKY=":{"valueMac":{"type":"Buffer","data":"Wnlm1R8H2xB7TJwHhnwXBw1Ap5Cn4vfxXGnI6JFLtzE="}},"DLC0b5IVSs3lKagR9yLtYfPXRw78UQ50aa/rIJ2K+VI=":{"valueMac":{"type":"Buffer","data":"QDRkB9QL4RJb5vEsdrhKVXW1bFhwoHswLjd1j1Jzi2g="}},"W8dycCVMk1q5GeY4IMKcWcez8vsBCpedUY2oyd/OCHM=":{"valueMac":{"type":"Buffer","data":"6BMzWNAqmDm3BQMO8C/ThvDxK9poCi2CpmpjCFMgZqE="}},"zVFMeOw/k3iUf/ZbmNO3c3R6v1xjJ6ZrWw3xQX4j1y0=":{"valueMac":{"type":"Buffer","data":"Ez4r9BMBHcuhyT5GFw8pRLPpKAzeWOMXQ8eeQLgKLLc="}},"TPr1a4YdcMgwURGkGQtIs32IOmFBHnppmuPB6oPTy6A=":{"valueMac":{"type":"Buffer","data":"q5LwYCmPPOft6iO7W8Os/+WAk1zH+n+nvmLy+KN/1GI="}},"19MExSX5mHV25qH0NjKnAEDZuhmFFWMEpXi4Ey5Woc8=":{"valueMac":{"type":"Buffer","data":"90ByssvUBbe1C3QLeKnvmd8mFgVlrpO5XynFSzkWDPw="}},"RyG7CbsvB9gMkcSESIqjhg5IeH/nev3/F8Fo5go1qhs=":{"valueMac":{"type":"Buffer","data":"FYhzmXmdIub1Ga6sYySRlGlvolyGHdIfZraAH7TsFs8="}},"CfuBcn27YRQxHUbdyqcvk8wTOXM63Y9csRkxcMlKDyc=":{"valueMac":{"type":"Buffer","data":"c0x+RBgquqzFr5xPkTbJdqJxLShq7sprUiho7gCtAls="}},"Q3ADSp0epxsfzc9TuC80lg+WpZwN07zpy6CAy4ei1VA=":{"valueMac":{"type":"Buffer","data":"aOGS64vN5GjgKUjos3FiAPwtcPv4C2RzLS/JOd+i8xs="}},"qRT29GHSp5EOLi7xcdwg+8t0wkOnWNuzAVdUknAsDt8=":{"valueMac":{"type":"Buffer","data":"rb1N1cQL+ZpFnL4+Sq6rGcHu8pGSZCkzsZCtkIkz8bs="}},"U16OTUnD7dfIkp4lLQdBB1LaLT3UL10vpw23iKXbzCg=":{"valueMac":{"type":"Buffer","data":"365uBA2n9lDzSnr9DGp2VCNbYJmXzB8FKBoD+sj/L/w="}},"dXrbvoJrNsvP0iTtmZQN5Q9Oj2wE6714yJMkEKEfnWo=":{"valueMac":{"type":"Buffer","data":"2LRocTonCu7zal8XqxIsL63fPmsNTxFJ+iel5IIUEgY="}},"JCbL19mlVM3ftRCRPkMjebROdV+oSwp9/8WjmwoBsJw=":{"valueMac":{"type":"Buffer","data":"2tHwZ2d5do4mCHcBobpjMNv96GOIgXmkFeS/k+C1Trg="}},"8WVYKXBfNmLeNAomWNc2014DbSP+zKN4HxsYsCNYC6w=":{"valueMac":{"type":"Buffer","data":"MODlwTjc8Lvkw5is9kxQYjTqr18YrXYJmvvdQyLPqDA="}},"6sL/uvSb1Oxi/DUOAEv/ene7LUlDHY2fCHXuii2D0AM=":{"valueMac":{"type":"Buffer","data":"id38SFajptQ/sW68UrWWl5jH/aMJBCz5f4GWTWfO9IE="}},"qgwS9nktxv9JQp91KpVk3oXqBJmZXMd7Dk8YWqEwFsA=":{"valueMac":{"type":"Buffer","data":"Y8jELsJeQHIvXnkHjzPdw+SZa7dOx1ElY/yZM6RU+Fs="}},"l+4lztk/l/VaC4Kv1NF87d+DaLVQt3V7NF/cIYoeBYU=":{"valueMac":{"type":"Buffer","data":"G8PikPpRVKNVykuwSB5n0Lwm7wnkQrlqQP/ezt31p+w="}},"ceQO1cpjrvHIZ2VtoriZGkeUtIOhH4VVHSPAC71pMaw=":{"valueMac":{"type":"Buffer","data":"LCiedUCwRZXRDPnMCRS0xFrxF0/SGxRgyGMflOpkYZY="}},"20ROM8ZoAggZNpxZvY2BbMiTjaSdp+yAb5WlCgE8rAA=":{"valueMac":{"type":"Buffer","data":"x1lKvqgFxNqFzjvMXXhAwjblSef/2zsg4Mrza7FwsQw="}},"MwwLkMFUOHFsNpBUy8Fk+xHNI1wtXMs7qPO/r1/53Bs=":{"valueMac":{"type":"Buffer","data":"GBCVF204M7VBoR85pZTo2KI9ptLLq/z/wxocCCge74c="}},"tYRZRBqX5szYaFXF1Wyk9Idi6eOi6/AwAB8Dul5zmoQ=":{"valueMac":{"type":"Buffer","data":"DEQ2Id3WmUPcfMYac0qesO+o3+XoJW0TquaIc2Ne4xM="}},"vxqytree8rUIi+TfAJ/9TLZndgGpOsyc7uWg43LIb/Y=":{"valueMac":{"type":"Buffer","data":"PZ4QnjpIGvhwXi/Af2MBg0bXvh9h9Ns+M+p7Pm6jzAg="}},"ZDFw0ChcEEByRzep6rahimSmZsDqq5DqtgfGV2F75dM=":{"valueMac":{"type":"Buffer","data":"e0uRTdx+sIuLTexnRQ1b3MxNXxyGTCtIEPY6c7Zzw7I="}},"casiE6DKvit+abi0ldDGb2OAVlov4c3dtZq65ef0l0I=":{"valueMac":{"type":"Buffer","data":"IWbW6+FHqOPQWBrvcEafDTzepU/iboJkvAxNbChf5pY="}},"8rrQe+NNtEyrdF1JXxh7i4JTa+ijLjduKHEiocfvZsY=":{"valueMac":{"type":"Buffer","data":"G6aX5un3u02lZ+UcQXdUpJ8iAwzXqaDy3CiyDrIK5K8="}},"k2NHhcoDy1DxWRYrL2JA7L6q0YDKf5Jo+yqYnzCn0pI=":{"valueMac":{"type":"Buffer","data":"WtKt5VIueVdUkyX73P+VWvW/5JO6iWBDYmSYcqXo8dw="}},"aU+vouTtyPLkpjMEYF4RUBDNcS/kouRLFFHH3C0T/pk=":{"valueMac":{"type":"Buffer","data":"CT9FMt+X5fXcewyn1yRXiPPsPi/kSMP4nD9/onl4V+Q="}},"FgCDMajzJMf5cdRXL2MZfTrNWJqViCNQQLeg5sJShD0=":{"valueMac":{"type":"Buffer","data":"Jw7rZ+FMJ4tTM4XCxxZFJ9aI053IQRapZUe+HTJ6leo="}},"0Q0F0sDa3nPLegF6zWWubmtFzX/8SxSA2xSxvjNhgn8=":{"valueMac":{"type":"Buffer","data":"l7FT0PekrNb8viAHVqfWv6XxWBGdqPWdLiOMjwA11xA="}},"bLHuHRUrqEiXv6gK+E76xr07I5ytxvbGbvMCHFYULVk=":{"valueMac":{"type":"Buffer","data":"J6+aB+A1TI7kuan+9xdIIC1tCGc0awMpsXiT79px5U0="}},"qJyqEmYA81Ix1PbyFA1/Xhq6YLM9UEzQk3DpAFmQO/U=":{"valueMac":{"type":"Buffer","data":"s+cL3a0ntoxueZhCu4k3/7R+MUYJyh11cWSCNlyIKAY="}},"fhdpB7zg+VQ40NUL9cmNLxOqyRMsUfA6SClvtJm45L8=":{"valueMac":{"type":"Buffer","data":"GPNO3Ym05UNaj4xvjuYFDMDNUlWVtCD4e5KzHpyWq3E="}},"gju5en7CqPEDqv1SCIB41bJOydOskHELKz4AH6WjR98=":{"valueMac":{"type":"Buffer","data":"KvK+lSNMiZFc6gPCI9Zf/yOu9WO8tc7PkmHSg8T54yg="}},"AQX7gKkjaS7Lao//VvTsyXviuLPvpMMuoXvmR8+Okis=":{"valueMac":{"type":"Buffer","data":"tfojdvk7LYOQ0vkhpIdaGeGyXQb0jsiDMQb5pJc5fLo="}},"YNnPV9SngQ6EkOatxK56wMpcaXeieZ13RYTytT8bcY0=":{"valueMac":{"type":"Buffer","data":"WtBZkmgWgRnI/dOmsPlBoJLquWpwBq/FV5EYjGgwUDo="}},"7HekrJtDDAjgd5REaO9x6RPxjYeWFKlt4hPO49vWkNU=":{"valueMac":{"type":"Buffer","data":"fmn7sZ2hFsEhZEm7ME0LoKO2yB7j2HP34cahX+uy0jw="}},"epxg25vXP9VgzQOHSkqWACI+wG8jNC+LUwBwn2+p5Lo=":{"valueMac":{"type":"Buffer","data":"xBoHmthQgsH2qetbjvZeJk9S0oSUIjGLIVstGUfj/ao="}},"OPEemhu6xJPtI87xUmZjtWqOp58jOO/esvqg9cwFYI8=":{"valueMac":{"type":"Buffer","data":"rdlW0j7ffyvbUr9E+AtfRPmgYsEswqLTVIPvfr/edrs="}},"rtpJHma9PNCzM4L2wkEqXYiA8OTlm2nLGS8IBBZ+k78=":{"valueMac":{"type":"Buffer","data":"hlAYqOPoP3YJpO8nYQHNy+TvBSRJRdgzoPyoyYItk7s="}},"kv+qrUJa0xaQUJMIFcCm7KfHt9TgkcylbSzC5PhlLsM=":{"valueMac":{"type":"Buffer","data":"/nm1hMnZN4A6QhOUye7lRWNXNxxyj/LyW5KKrSXnMlI="}},"KaiA+z0OlWlpiBadEsRcCV8criY5iuKYDe4Jb42OJ/I=":{"valueMac":{"type":"Buffer","data":"AOEcGcX+pkOry8YpViD2N8zVjsTx979FbqGuu1WAeng="}},"0nsXGOg7HL7/lRakWjxO2K2f4wM5+zmC1uP7svUVCHk=":{"valueMac":{"type":"Buffer","data":"cTE1FCNYxjFHCyifQjLwu8f6WV5fpYq5Mpj5N6E9gjQ="}},"bKJfAAZre4p9VdwYpRU/ISxGoabqijJEY2x4h2DlPbw=":{"valueMac":{"type":"Buffer","data":"ya6bGvK2oK/2N0vLrNyix/oXowvXJBBRXCZ7xw38njo="}},"iKhm6rn6vSlr4+EuBZmmOqeEIbKLIDDYNb5+wqOK6YA=":{"valueMac":{"type":"Buffer","data":"DEgJ1CDJFVnhrdy1jABKaom1VTnysHIiRc5rVxso228="}},"KApHA0fBURoxU8uz97oNbW9ExKUJnT51P2FDVklUaxM=":{"valueMac":{"type":"Buffer","data":"EvylJcJNuYvNRBWPkHQ5DeNfQWgyRGZx/jPgiynKFgE="}},"CTZYg87QyKipbxi+TRLoA1cRohLyot6Gq6/Oi7zx2vg=":{"valueMac":{"type":"Buffer","data":"6mTLV9DJOA6nfUTlT9AoiP7MBW3SfhVW2KsNcIg2gNo="}},"tm9kbiFru7wevOI3J5zxQYseSyoMEuX+oj+R0ZImDIA=":{"valueMac":{"type":"Buffer","data":"MMPTwi1mWZ/OuFN/Dr2PhGmZ5sFCY6vKqAneHv3MoFw="}},"wwOPaDJ+GGFerR5SDAHbPoDvu2dYN2x8mw90omscQJY=":{"valueMac":{"type":"Buffer","data":"pYuGpCaQ349P2UI1YG/dnxpGouhYAGaTbciOxjzNjf0="}},"StpqfxpIIaL7t7iaGXpmKKaPEtBeBoQQ8FKJMtrdRKE=":{"valueMac":{"type":"Buffer","data":"sOVAtoBGMl0kDOYTcOISKF9qaq3A9pl4kpD3x0KaxTU="}},"/LbwTRAKNUOFgvmJwIUZ2F+zvZOK6PlEG3My/Je+3YA=":{"valueMac":{"type":"Buffer","data":"Hit6sjTZEnMuxT9GVHopIBesAjOF0p28n5ml3XP8K2M="}},"TRxIuWb6wzhUOq8BrzAmFTxIqv5+GqcoezKk31/IuCI=":{"valueMac":{"type":"Buffer","data":"SDwevf1mTvUk4yGtIF+/vzQ3rNlnFO9haGc2jnky8bc="}},"F1AzL51YYnlPZYD41Dpusnjq3Fw+6B1VOyB3pL7eXYI=":{"valueMac":{"type":"Buffer","data":"H5b7ovtz/axyMt3wl/aQ3GnVw1GNTAYOifMuOOG04o8="}},"bqLVY6DxVlIYVpWiy8txuEfZIwWECKooh+9EWPmIpMU=":{"valueMac":{"type":"Buffer","data":"W47vTpVPQhPCBc1TqcYY4pTKemzDcOkngiKBmWH22FA="}},"bidSz1kQ5BW/CBZ3wuekku5ll15Gzww5GJUk8VdzSPw=":{"valueMac":{"type":"Buffer","data":"bU5dB0+yia6aVr2izfxpRk1cIZhAMY/u2pSEnytHm/s="}},"+sHnx42hf9Rog5c1otnYA83MkQ/OIxdNTmKwhs3HUGQ=":{"valueMac":{"type":"Buffer","data":"XHXGdP0pn3eZuj5mqfm7veUrdBdgB+dLn+lCTU0A4dQ="}},"hxMiOv4qqD7YoGFHnm2i6i1QvhcMhU/GJv7Fdx3jmFQ=":{"valueMac":{"type":"Buffer","data":"rJvmwZmtB2AdEjfS6vHESE4XMOf39w2JPyJZr/nd5S8="}},"tYYYRNm/pkxEwf6GIREnRf0NWA4x5atCX5VEbBX9crA=":{"valueMac":{"type":"Buffer","data":"nonhbfBck3k8TaKJXqcbaRBBN7SOZlSxMZSOZrw1iOM="}},"NPMbqmHf+7fdW28pbGob0RWGsRql+pc4IxNX4hXMVZc=":{"valueMac":{"type":"Buffer","data":"vzvLXtOhfWIcnBIMRJl3NnvbC/OJkpJ/TF41LdcVAsg="}},"1opn6FfsSYrcd3eI7aGspPW8BNqZ51TF8me2ogX8lMw=":{"valueMac":{"type":"Buffer","data":"mGG/AfPe6xSBhx5965V4n5Qqd2ecr1DRCFX+o1zvRns="}},"zWgUeAGsjq6TWsgQy7Qvfl4eVwCvbqGB35f1MJez3rc=":{"valueMac":{"type":"Buffer","data":"B1wPmKCkbl6ay5+LnQgTSbLZGWvlmMH+ko6R/f/4pA8="}},"kqxCmPNmg0gX6EgdVMin7wPonmB1g33MJkyl3fRVIzU=":{"valueMac":{"type":"Buffer","data":"gEdet+iG86UEf+q7TLNld4OFKLKcC4cH65nUpTWIf+k="}},"Z3UNAi/pgRdMb7d+eMW6TN7kWm8+4hqsY/SVpftILnw=":{"valueMac":{"type":"Buffer","data":"zQvK1UCq9Ap48M8Dzpfl9+Sdh9vZyAStdzzhzGahJTA="}},"RKTbOaUmS27c3S5MB9IQH73iEhnjoBdtugq/8ut2S+4=":{"valueMac":{"type":"Buffer","data":"uQrq9kMgiJU/WTjUxmwYiZ/0z2scQE3DpGezdzKYGQo="}},"kVfanjT3DaFnzVdiemVJhBDZ+9hoL9BGpyfDfQux8r0=":{"valueMac":{"type":"Buffer","data":"4/fuI2jbHB/FHz3wbqSh5Eiris04XSTiAoJXOacwe54="}},"hwX89EJcI3Xa8xQjYxs04fxGrM0TEg3pZw/8QupWq6I=":{"valueMac":{"type":"Buffer","data":"4Wjlm7hzntamhQ5l6at44Ph01Jw0szGiAeWenHnBCzU="}},"hmNfzjPhIiXbSP/fAPPEeQUYRlw+vSU+Cv5eJYNdqY8=":{"valueMac":{"type":"Buffer","data":"+7aMV33pDGr76kI8mlLf2Pj/ZYL+RlMzFfxKzOt23is="}},"BjYLL9t2SUD7IvwAygu7oghH0SA5ymtB2he13WE1P9o=":{"valueMac":{"type":"Buffer","data":"YCwrAd3fZG3wfddpG+SLcbpd5+rJmAnQsPwebM2VVVc="}},"s10DnuR0MdOFi6ThbxYxYt1Ga6rUpAdqVvi/GuSwPTA=":{"valueMac":{"type":"Buffer","data":"1d3aSG+7CvooCg4Hz4QSEwzf/woR0DsS/56T9/bdbk4="}},"R+U1sp6A0CpNMxVXlePfU8neotdxP55fbD1ZG/q4W3U=":{"valueMac":{"type":"Buffer","data":"rWM7SV+0XZLBCmRODjNRDn2fIQjQismfUhX4eWwECws="}},"WbqEztF/Aom7RCP3jNftR0xpLdA6YxfdkBw9NTkSpYY=":{"valueMac":{"type":"Buffer","data":"7YSTcOj729OHAtecxOSOLboQcWErboAZ+n5e0dJLqLY="}},"fovaNydMvGNpthuFWjZ1Z4RPKv2bhfQcQusrk/gxPRo=":{"valueMac":{"type":"Buffer","data":"wHzqVOY5iHUWn4R6khWre/PgB5XSu39AyRW1VSENCgM="}},"UruNF67h+UFMcf6NBs0qhRJLXd+Qfacg0T1FivVL7hU=":{"valueMac":{"type":"Buffer","data":"QqIKi22JqEc+z0FiDChViEKEgI10SRuS+ULjvxZVQKY="}},"ZxHRCp8laUYgWMEqNAS8xrLuDdmdtor+ENnEFWha3/s=":{"valueMac":{"type":"Buffer","data":"nbpODwrg16TCMhRsL1BD/ynehpwmQ/iUFGER72l8iAE="}},"H8nK4KLRQzHIjyLWOG21+1MQtMBkNFiC9RyPi585AXY=":{"valueMac":{"type":"Buffer","data":"s5CPKAcCCxJKwyzLQeTf90wtfICrSi9M2ushqh6WqKo="}},"x8/Sf50KT/GzsoFbD3IxRJI0pACbg/s1LLClwQ6ZraE=":{"valueMac":{"type":"Buffer","data":"8BrJKencdgR3EdjQRZTeUedLJqNeze19WeQJKhgXElM="}},"7dZQMNavzTzLYr899J5lKAeDnIO+UE9pSDF8A6wwQcY=":{"valueMac":{"type":"Buffer","data":"wJQ6vmVh7OLR3fSyM+v6aQDFFayjrhwLijK/wm7zfpo="}},"Qf880YiX4ZCOx2WJA8Xy238nB6X+w5gufz+BbB5Q4PE=":{"valueMac":{"type":"Buffer","data":"OHC3mBWX1TH7oE9wYEQ4t/pR9eYa0kXUWmimisFCe5E="}},"V1BPZULboj1rvAp0mVq9h45NAEnIKMtNNDakeW0pqn0=":{"valueMac":{"type":"Buffer","data":"UuZSMLO51jy45BE2vAFP/cl0m0QYMaiKVanuO7q/6Ew="}},"LfYKP1RyMCT05olIaZarIpBYQXr5Z3fDzYN5LSKzyf4=":{"valueMac":{"type":"Buffer","data":"Pe8YKeVrcZZY3DNDb5KkkzJ2w4O3Arzw/eYd7+3AvP4="}},"93UsU1k7X17J4/z25ieD8Nj6LfnUcezBfxFDXO6RTvM=":{"valueMac":{"type":"Buffer","data":"u3jUufE4/YHfnY30Cu0YRSRd9HWIOh1i2LsLI8oK6k4="}},"SxIidfDSq5ZqhlhvnrYjbfkKTqDp5fKysaq9lhbbGEM=":{"valueMac":{"type":"Buffer","data":"wtUGT0OFktE+crUxbTKtVI2Xz82lUq2gGHu6PSj2WCE="}},"bBLgPHErMkAIe53krRSshfSpEpmEjKN3lPcpPK7hU4E=":{"valueMac":{"type":"Buffer","data":"oD4vtZH8drNRwIk8qIyTmBFTzEda55qzyFd+7txV5Og="}},"TYozlHfTQL/OYzOgmf/r66YVMKPIsdqaxbuHdTtSlG4=":{"valueMac":{"type":"Buffer","data":"x9+OWFLdzfPcBXIYMg9jWfSJ8dmPAgUIlWeWcKzpDnY="}},"2agHo9rfIzzAYnLa3HTtWSJ3fDBbBvYBqf395I4lATs=":{"valueMac":{"type":"Buffer","data":"UrkKEtVHLdytQxy8SuKFaQ1h4BdEL5nBE3D/BOGqUSg="}},"LCg+kUomucqUmUa/ahxgfGcsWoJGg8PwrByLqW0asqY=":{"valueMac":{"type":"Buffer","data":"43q2A9cn1rblkB8MTd2ZvD+9HS7F4y5CETOx6EjepHk="}},"15cxN/ctfolPi/8frVZ2VgK3GIP64rp1J/7aGQTUQyQ=":{"valueMac":{"type":"Buffer","data":"zIsOELW56wzZrI8BW+6sHepHBqRBucgXFX73S+YjcLc="}},"lstlfPrOXCQZ7XkFOg2ZEKVfc9j23S8QAtWB6fSVtdg=":{"valueMac":{"type":"Buffer","data":"sDf4ddxmArQo8xVdy+QrI3JYZutGNYGlP5dK2FLuOh8="}},"2l+pfB1smoWzszn92yMb1LAYuRnQ3Rq87FguvSUxD30=":{"valueMac":{"type":"Buffer","data":"bD+7Er70s6qenms4bkwSqu418E+XHiAJ7SeRw+eIsu4="}},"w6n32/Y/Ytur7Br8mSrY8ZC7Yv6zvnvT0xwI4xqclE0=":{"valueMac":{"type":"Buffer","data":"WNILad6GBVBgPXnuEjpg3KBLZWDOt0qaM2RBDzVkxOA="}},"Fj3epstHXneqT5LTJIgGRrEGkC0blcoEpGWY56W1sTQ=":{"valueMac":{"type":"Buffer","data":"Ns48qcxBSDPJ7IEasSBfjE4RVlUElr8GvRnZlHUhhm8="}},"yMvK9mNFqRPmCo6q1b4Bl708hy87m6DfpN+XTNRPL+w=":{"valueMac":{"type":"Buffer","data":"Sa2nu+89DtxxB/MhYj/PxW2S07smlJWVsOX4laKdFIM="}},"1Rso1ZliLoFy3euwRaUy4WS09/vc80iukIXjhU8PoGg=":{"valueMac":{"type":"Buffer","data":"XMqOMfFyIy1NdvabFGjg9fkR9BMBaH5UgDylL0YF410="}},"g0hrnHfkli5PbgTCgwsCPf+AtILhOxlBXUPiaD8Kojg=":{"valueMac":{"type":"Buffer","data":"qk8gqWphZSlAPypCJezI/YImG1KjCQiyL1aWJLdK54w="}},"ZqOO/W6UBCyfZln13tvxz6ZwusHPwIApCbbVZj/M4RY=":{"valueMac":{"type":"Buffer","data":"nXtSAOsX5tUzaVza8bRnNNp+C2X6bN1FcQZcaiFp//E="}},"BtIqHZmAFLcscNQf6yJs+RJXKK1mEcgK1+XJ7svZKwY=":{"valueMac":{"type":"Buffer","data":"QnzdR4Ck0YlUgqymzrv0/+JQjLNQcEcpRk4Hhg5Lxsc="}},"l1RV97FRhWGlrp4LzZJq/EgKl4b+1vE7y2Ei0udoKcU=":{"valueMac":{"type":"Buffer","data":"f6jSVJHnZec+IYQhLmLVKIUkCnU4KcaQWAYHqUE424M="}},"6+qEPWcDRqVVBSXZf0merowWbdPTK2XiydHkBIQgHXg=":{"valueMac":{"type":"Buffer","data":"nv3Gh5OTcw7XqAC61UsO0YEBfBA/cS5iQxFSrTk8Vy4="}},"tKZtEWs07KW51VaAd6Fg7rNBp0NHhGVoWXx/M+vFzek=":{"valueMac":{"type":"Buffer","data":"jeNAu/3n6mwm2nquAqCC0g0eRlqSkdH5Ku5MQWV55So="}},"60GklWzLVBwUy8foSQ5ndANC0d7OyUD6p5+QrhQolXc=":{"valueMac":{"type":"Buffer","data":"/2GvNvzcBu87KZdpwc0JPW8S9Jr7bd/YQBU0X/rxYZw="}},"8RSaTxDtcdrjEBDNdvNCU/1U7MlzjuMI20eBLXtgZNg=":{"valueMac":{"type":"Buffer","data":"N2otOc0ABtmNdvv4ibRb95SUSqTvGR3p+PvNrBaIMOA="}},"lBdB2Lo7IBFuJvgZ2pzr/yjcDh1Y8870qEJ3nBc6jdA=":{"valueMac":{"type":"Buffer","data":"erBdOGtt9HvyNVoPLFPqf4uzt/UHebQioY2kwexOsmk="}},"K7iGqC7JgkJe92VsTkZvv8F/O1NJK7bQCO0N251i/AY=":{"valueMac":{"type":"Buffer","data":"rhELr72qYCQOXJ8pKt4DeZzqVcJOfcznHoEasrFl/8g="}},"LHoEbnEUx/hYattrpyjvL6phZ1pAMegOPZff3pP44no=":{"valueMac":{"type":"Buffer","data":"fpuusF3U2okMwGAzTkboOBwbYbSTi3P2vH92Aow6J1g="}},"NAz0Tu+9q+WxRPcU1B0Ap8P9vXHcJPs2lVELL2gYDkA=":{"valueMac":{"type":"Buffer","data":"tiqyPVHXPa9vxF1dx5QHDaLrmFQoKBvqH2FdYbACRnU="}},"0wRSn69aoVuTeiqnXIGLEtevgE2m24Mso15qTD/poMY=":{"valueMac":{"type":"Buffer","data":"nMAlMXXGzIuX18XFoqpWdNokWPRYvmT9V6bRGssD3kQ="}},"21W+itSZLCf6zCH7XmJ1Vvij8CE011/f23aUG55waBg=":{"valueMac":{"type":"Buffer","data":"5ILI5WB7abMXfJVrR4itjmpMIO35bF/RDH/CUIHMEn0="}},"+AlYDkVmyK66E/QR3dFS0UUplK8A17RFYok4N5kvkfI=":{"valueMac":{"type":"Buffer","data":"lmuYqreAHpMn7omXsU16LWa5RsIAuPSfidFHmBtF7AU="}},"RXWKhlZrHEqb5qsPXXTo4l4CtduJgT8GcFKUXTCQFsw=":{"valueMac":{"type":"Buffer","data":"0Gk9sVXh7wxVd7cevTenLYT4ZVE9G54laFWv9lu/Rwk="}},"7C7ipdg9g0gxXRiaOySSntghHmtIK+4YTxAetpRIRMc=":{"valueMac":{"type":"Buffer","data":"btkbGKX0KJMUUGRRBHYxi3PbqswiP2pWrFTmdovgjXI="}},"/jPIFx18Y/+ffn8k2bRDNAajDZUtKfPaTjqG2L3mJ6w=":{"valueMac":{"type":"Buffer","data":"1leEgkUjB+651He9TTlThgV4zw2lMOgGs7L00/hGOeM="}},"jROKhDee6JGdbNal4eVHKyh1Q09B0qQUikZWR6SOc/0=":{"valueMac":{"type":"Buffer","data":"wnZRJb0AlbmERf9RybMOXZ47o9afReA4Z7enOE8X3No="}},"xjtcX/z0cqJ2khf30LRpnQdoqZqhqpkKQpTmrEnYY3Y=":{"valueMac":{"type":"Buffer","data":"C6tNY5dcGBVbOflqX7j6pg8Hhr8cH8PD7alTMZjJ/hk="}},"Uu6HIY4XtCccnrp35d9TUBrTHoq83AxYPo9xQuAAMsM=":{"valueMac":{"type":"Buffer","data":"91AS2OePh4w/2fk+ExJyrTxQgeCUCZ/NNw3Pt81O6tU="}},"3T6TFmM+Bg0edrvYdrTUqNgvTXPZcwCH5NRabboVje4=":{"valueMac":{"type":"Buffer","data":"PyMZGn8NXbZp3cdzXJbU6J76OrdyLeBAb53NCWIbghY="}},"WxiWs5RPJl96hRBgPbRI1A3Avstdt87cQ22RYUSRiQ4=":{"valueMac":{"type":"Buffer","data":"z3+1SawOJsCTqTmhDu1Sp9VN9K+1Yx48sAMzrr07lOY="}},"VId1mbPr88Ny0R/zedmuGNr46t0q5dZMosxcu8Vjxcs=":{"valueMac":{"type":"Buffer","data":"bs5lZELUMLeCE97qN0QzbN+5eEL0fqSzzrvtg/fI188="}},"9P+JWLCAEhGcH0r1xyXGDfT1MBIQJ5NKJ85yLvH5Aqo=":{"valueMac":{"type":"Buffer","data":"ewagci9JZhXW46f545DM8ISmYQYK+EaWE2DY07hYQBU="}},"kVzNp3OCRFCn/h5XkOyK4B8KLfiUo/dylHXMzdtZqMM=":{"valueMac":{"type":"Buffer","data":"mfZQap+VALTF3NsyhDjHFUaf54hwlkEWExrLszE/loI="}},"MxfvThiH0etqw23nTWwvAFlht8MERI52ylKzwbdB2z0=":{"valueMac":{"type":"Buffer","data":"Stfjw4k1fuBhP1mGZmvjDR0nVOTtLwRRS2yr9HhXb78="}},"IzI76TrNhwsJ4tdvVLkatHApmJcXdOlSyi+vXAsTlaw=":{"valueMac":{"type":"Buffer","data":"HZT6MxtcRCs9hcSUG3CcHvxQyQkp/P8gxM2o6rHGl1c="}},"peFzJXPoeXRLiFsvFSoZPkHhmxACMKR6sUFzs5jTwSk=":{"valueMac":{"type":"Buffer","data":"DUCYwiEr4hkUbablbvVMvVtAOwH7LXtU5sNVEFM2MXs="}},"qEt5Jjx/gvdyhZAbNBMYlOlOBRCarWZu0JQkUrPf6Nc=":{"valueMac":{"type":"Buffer","data":"6fAaYt62hucslDJUZjNE4JlzQxFDWFBIDU2tLJo8J44="}},"4paygj66Y5D+XWp/sGvgpgH70DYWxdnt87gHfJZDDMo=":{"valueMac":{"type":"Buffer","data":"l+m9qfjrNG6l/h9gb6zm3VoRGXEakiCrhJqBcT7m6b8="}},"Ct4JOwE34oiqgvl3jyGHa9cHempLCRiF2/QkKEtJCaw=":{"valueMac":{"type":"Buffer","data":"Kx7zDyNHxvV8XEZbp5WwC4JFiyhBaohPNOhZqHVJNRs="}},"yp2kj8Ve0uVpA3Es5HBOjZjrRukcuvyGOVfI+unskPk=":{"valueMac":{"type":"Buffer","data":"X/hdITpTBxzhzNxUcCD4KUode2mfkq2Zj1a2BSpKhUU="}},"yDOTSI4hNAQ1AksKDVTzM6bZqvXRyIBxitv3S3Ia3aE=":{"valueMac":{"type":"Buffer","data":"QtgDyOuq9sozZznN8AoxOKp/bS2Jk25kAHM01BLu8W8="}},"NL2SmPLyxuqLrzAlxqvEPuGdZog0ajePgxGfLQUMshI=":{"valueMac":{"type":"Buffer","data":"+3nj01iYhqobB8Qg/st7wCdm25Xx7KTIaB2w1s3GvtM="}},"xrLqDlr1iKybiv3PJHsHnboSZGKRZAxWkmlwfVm4YRs=":{"valueMac":{"type":"Buffer","data":"wfIa7s/myED3twa1Rr9aDwLmy0DhOnoYO+jOpo2Kbtk="}},"bjjPzTFJV9ozGdW2YMmcClvU9NCCbzrW6rmaFgkgxQU=":{"valueMac":{"type":"Buffer","data":"zwfeaJhU3M/xNbPkWbm/qBSwJeuXK6PVMdZwLU4+g5s="}}}}