{"noiseKey":{"private":{"type":"Buffer","data":"qNUKK9ut0zjY9yuF4mEMukjcM6ehw7ViQmw+fFlGKEg="},"public":{"type":"Buffer","data":"Jm7VI7HGLEkIXjw1k7Lxr6M0vf7O8FUHv5viyYrLX2E="}},"signedIdentityKey":{"private":{"type":"Buffer","data":"kK2ClOg0k8htcR0wIDYL8MOfhhMqttYjTcMqnibnv2E="},"public":{"type":"Buffer","data":"S2h+7arrDtqZWf7wd5vpMwOPLzLKjWtFlm0W0Sx7xU8="}},"signedPreKey":{"keyPair":{"private":{"type":"Buffer","data":"6FZdyz/eoreEfL1rX5YWKyb65kkxXN2GWz/pdrndB1I="},"public":{"type":"Buffer","data":"fMrp1afKa37Ew8XfEXscgrCelem1OmJCNWlDt+Qnnzw="}},"signature":{"type":"Buffer","data":"BdDsi5eS3o67ztv6c3ZE/1vFn6frz/Q0cweyxWHON54zr2gAUIlGYtbXj4ow3Z46Jn1h2aVtvR9kHu4KwvyoiA=="},"keyId":1},"registrationId":76,"advSecretKey":"wI02JAeTAi8Xjr5TFAePUucOKS3sVfqdRDEplBPVm1g=","processedHistoryMessages":[{"key":{"remoteJid":"6281548721716@s.whatsapp.net","fromMe":true,"id":"BC8C6D0AA636E7B58D64CFF39E8FBE8B"},"messageTimestamp":1686057104},{"key":{"remoteJid":"6281548721716@s.whatsapp.net","fromMe":true,"id":"9CBA684B4D20CE874E096CD04059DA84"},"messageTimestamp":1686057105},{"key":{"remoteJid":"6281548721716@s.whatsapp.net","fromMe":true,"id":"A879930D7243612991F668C7ECE8A33F"},"messageTimestamp":1686057117},{"key":{"remoteJid":"6281548721716@s.whatsapp.net","fromMe":true,"id":"EC12F97A7E8CCE97EA83417A6B778B1E"},"messageTimestamp":1686057124},{"key":{"remoteJid":"6281548721716@s.whatsapp.net","fromMe":true,"id":"8C1751524B97D6B4A76F3B38304991E5"},"messageTimestamp":1686057126},{"key":{"remoteJid":"6281548721716@s.whatsapp.net","fromMe":true,"id":"EEE9F13253309D020DCFCBBA541AA74C"},"messageTimestamp":1686057133},{"key":{"remoteJid":"6281548721716@s.whatsapp.net","fromMe":true,"id":"66096AC3CCD1B7893F3F37D8A5D3FE38"},"messageTimestamp":1686057138},{"key":{"remoteJid":"6281548721716@s.whatsapp.net","fromMe":true,"id":"CDDD8CB00864FB8A645DB118A579B87D"},"messageTimestamp":1686057147},{"key":{"remoteJid":"6281548721716@s.whatsapp.net","fromMe":true,"id":"83B87A506A0D9A6441A94138C20C8306"},"messageTimestamp":1686057155},{"key":{"remoteJid":"6281548721716@s.whatsapp.net","fromMe":true,"id":"551ABEAAC40C960A987B9BCD4732E468"},"messageTimestamp":1686057156}],"nextPreKeyId":31,"firstUnuploadedPreKeyId":31,"accountSettings":{"unarchiveChats":false},"account":{"details":"CPCWwsIGEIvh/KMGGAE=","accountSignatureKey":"CsCBGoJRLYreZC89+jbyzuGbbrhssOb7hr/22Ny6/h8=","accountSignature":"evLDaGCEL5EYvXs4rYOkV3WmbmPNXzhGTN/z4DFMo1mpMUqNc1Fof/FMjmA5aIKxMLMB54afZL3OSdC56WH6Cw==","deviceSignature":"Fw+iUVOWxyNyyPiesOVFYvEjX32XjdfJ+SX4sShZp4VS3xqEVhUlmOkrqslrOI736YHTano/JhjBXAjHpzLBgA=="},"me":{"id":"6281548721716:3@s.whatsapp.net","name":"Riss"},"signalIdentities":[{"identifier":{"name":"6281548721716:3@s.whatsapp.net","deviceId":0},"identifierKey":{"type":"Buffer","data":"BQrAgRqCUS2K3mQvPfo28s7hm264bLDm+4a/9tjcuv4f"}}],"platform":"android","lastAccountSyncTimestamp":1686057101,"myAppStateKeyId":"AAAAAD+X"}