{"_sessions":{"Be5i1KvKtfQXX2/+Dt0KXpHL5+fA2DGlxKbH+cY7xhA3":{"registrationId":2126152348,"currentRatchet":{"ephemeralKeyPair":{"pubKey":"BS9dQpFrVS8Jn0/dsPs2cqWJTq2wd+fRdAK6/OAUBVlr","privKey":"OJvQYmGASUiSP/15w62oLOGbITURl/Hb2ulBRTkVn0I="},"lastRemoteEphemeralKey":"BRFby8kGUtv0nQdsNOwUM5RvABZlk5u6pSxGBqbZKN1Y","previousCounter":0,"rootKey":"nCmt6hdKbW01DO6ZUor4ZjhbG3YP0sajE6DIJs7+Q5s="},"indexInfo":{"baseKey":"Be5i1KvKtfQXX2/+Dt0KXpHL5+fA2DGlxKbH+cY7xhA3","baseKeyType":2,"closed":-1,"used":1686057102787,"created":1686057102787,"remoteIdentityKey":"BQrAgRqCUS2K3mQvPfo28s7hm264bLDm+4a/9tjcuv4f"},"_chains":{"BRFby8kGUtv0nQdsNOwUM5RvABZlk5u6pSxGBqbZKN1Y":{"chainKey":{"counter":13,"key":"E2M6S6THCJd2RWXV8crG59sl0a9e6W1NKZXVfRuEtYk="},"chainType":2,"messageKeys":{"1":"aNHb1+0dknNUV+ea/KgsXNW9t3y2hRRUc96rSBtT+ZE="}},"BS9dQpFrVS8Jn0/dsPs2cqWJTq2wd+fRdAK6/OAUBVlr":{"chainKey":{"counter":-1,"key":"vAHvZizEVaEeU8W53yujxYspQsvQrf81Y+hcRlcmkDk="},"chainType":1,"messageKeys":{}}}}},"version":"v1"}